CompanyID,Age,YearFounded,GrowthStageGroup,GrowthNextStageGroup,TimeNextStageGroup,N_Deal,TotalRaised_Est,Percent_Females,Is_Eco,Is_Eng,Is_NS,Is_Hum,Is_SS,Is_Med,Is_Law,Is_IT,Institute,WorkExp_Idx_Mean,Total_Founders,Is_Debt,Is_SpinOff,Is_CrowdFunding,MeanMedianRoundAmount_cum,Is_Accelerator,has_Corporate,has_VentureCapital,has_PublicInvestor,has_Angel_Lead,has_Corporate_Lead,has_VentureCapital_Lead,has_Accelerator_Lead,has_PrivateEquity_Lead,has_PublicInvestor_Lead,HQCountry,PrimaryIndustrySector,SimilarityScoreMean,N_Competitors,Same_Country,Highest_Degree_CEO,Gender_CEO,MeanTotalInvestments_cum,WorkExperienceIndex_CEO,Is_Angel,Total_People,Is_Grant,has_PrivateEquity,TotalInvestors,Highest_Degree_Mean,Avg_Earliest_Year,N_Competitors_All,Same_Country_All,SimilarityScoreMean_All
1,0,2015,Early,Out,2,1,1.17606884161326,33.3333333333333,true,false,false,false,false,false,true,false,Stockholm University; Stockholm University; NA,-0.282223187952144,3,false,false,false,1.62,true,false,false,false,false,false,false,false,false,false,France,Consumer Products and Services (B2C),0.0,0,0,4,Female,39.0,-0.403355023220701,false,3,false,false,1,3.5,2007.5,0,0,90.64666666666666
1,1,2015,Early,Out,1,1,0.0,33.3333333333333,true,false,true,false,false,false,true,false,Stockholm University; Stockholm University; NA,-0.282223187952144,3,false,false,false,1.62,true,false,false,false,false,false,false,false,false,false,France,Consumer Products and Services (B2C),90.52,0,0,4,Female,39.0,-0.403355023220701,false,3,false,false,1,3.5,2007.5,0,0,90.64666666666666
2,0,2023,Early,Early,1,2,0.1,0.0,false,false,false,true,false,true,false,false,Aston University,-0.0399595174150297,1,false,false,false,0.085,true,false,false,false,false,false,false,true,false,false,United Kingdom,Information Technology,94.91499999999999,0,0,4,Male,505.5,-0.0399595174150297,false,1,false,false,1,4.0,2006.0,0,0,94.824
2,1,2023,Early,Early,0,2,0.0,0.0,false,false,false,true,false,true,false,false,Aston University; University of Cologne,-0.344962023497798,1,false,false,false,0.085,true,false,true,false,false,false,true,true,false,false,United Kingdom,Information Technology,95.0,0,0,4,Male,505.5,-0.0399595174150297,false,2,false,false,2,4.5,2006.0,0,0,94.824
3,0,2021,Early,Early,3,1,1.0,0.0,false,false,false,false,false,false,false,true,University of Hertfordshire; NA; University of Porto,-0.00189178656869916,4,false,false,false,0.26,true,false,false,false,false,false,false,false,false,false,France,Information Technology,99.5,1,0,3,Male,30.0,0.217873697180467,false,4,false,false,1,3.33333333333333,2007.66666666667,1,0,99.5
3,1,2021,Early,Early,2,1,0.0,0.0,false,false,false,true,false,false,false,true,University of Hertfordshire; NA; University of Porto,-0.00189178656869916,4,false,false,false,0.26,true,false,true,false,false,false,false,false,false,false,France,Information Technology,99.5,1,0,3,Male,30.0,0.217873697180467,false,4,false,false,2,3.33333333333333,2007.66666666667,1,0,99.5
3,2,2021,Early,Early,1,1,0.0,0.0,false,false,false,true,false,false,false,true,University of Hertfordshire; NA; University of Porto,-0.00189178656869916,4,false,false,false,0.26,true,false,true,false,false,false,false,false,false,false,France,Information Technology,99.5,1,0,3,Male,30.0,0.217873697180467,false,4,false,false,2,3.33333333333333,2007.66666666667,1,0,99.5
3,3,2021,Early,Early,0,1,0.0,0.0,false,false,false,false,false,false,false,true,University of Hertfordshire; NA; University of Porto,-0.00189178656869916,4,false,false,false,0.26,true,false,true,false,false,false,false,false,false,false,France,Information Technology,99.5,1,0,3,Male,30.0,0.217873697180467,false,4,false,false,2,3.33333333333333,2007.66666666667,1,0,99.5
4,0,2012,Early,Out,4,3,0.4747892,0.0,false,true,false,false,false,false,false,false,Columbia University; Ecole polytechnique; Institut Mines-Telecom; Stanford University; Université Paris Dauphine,0.844823630922977,1,false,false,false,,true,false,false,false,false,false,false,false,false,false,United Kingdom,Healthcare,90.81,0,0,3,Male,,-0.403355023220701,false,2,false,false,1,4.0,1985.0,0,0,90.81
4,1,2012,Early,Out,3,4,0.12134525,0.0,false,true,false,false,false,false,false,false,Columbia University; Ecole polytechnique; Institut Mines-Telecom; Stanford University; Université Paris Dauphine,0.844823630922977,1,false,false,false,,true,false,false,false,false,false,false,false,false,false,United Kingdom,Healthcare,90.81,0,0,3,Male,,-0.403355023220701,false,2,false,false,1,4.0,1985.0,0,0,90.81
4,2,2012,Early,Out,2,4,0.0,0.0,false,true,false,false,false,false,false,false,Columbia University; Ecole polytechnique; Institut Mines-Telecom; Stanford University; Université Paris Dauphine,0.844823630922977,1,false,false,false,,true,false,false,false,false,false,false,false,false,false,United Kingdom,Healthcare,0.0,0,0,3,Male,,-0.403355023220701,false,2,false,false,1,4.0,1985.0,0,0,90.81
4,3,2012,Early,Out,1,4,0.0,0.0,false,true,false,false,false,false,false,false,Columbia University; Ecole polytechnique; Institut Mines-Telecom; Stanford University; Université Paris Dauphine,0.844823630922977,1,false,false,false,,true,false,false,false,false,false,false,false,false,false,United Kingdom,Healthcare,0.0,0,0,3,Male,,-0.403355023220701,false,2,false,false,1,4.0,1985.0,0,0,90.81
5,0,2020,Early,Early,4,1,0.0,20.0,true,false,false,true,false,false,false,false,HEC Paris; Lund University; University of Melbourne; Eidgenössische Technische Hochschule Zürich; Delft University of Technology; Delft University of Technology; Hochschule Luzern; Hochschule Luzern; HEC Paris; NA; University of St. Gallen,-0.330675922059567,4,false,false,false,,false,false,true,false,false,false,false,false,false,false,Denmark,Consumer Products and Services (B2C),0.0,0,0,4,Male,1.0,-0.403355023220701,false,10,false,false,2,3.375,2012.66666666667,0,0,93.68666666666667
5,1,2020,Early,Early,3,1,0.0,20.0,true,false,false,true,false,false,false,false,HEC Paris; Lund University; University of Melbourne; Eidgenössische Technische Hochschule Zürich; Delft University of Technology; Delft University of Technology; Hochschule Luzern; Hochschule Luzern; HEC Paris; NA; University of St. Gallen,-0.330675922059567,4,false,false,false,,false,false,true,false,false,false,false,false,false,false,Denmark,Consumer Products and Services (B2C),0.0,0,0,4,Male,1.0,-0.403355023220701,false,10,false,false,2,3.375,2012.66666666667,0,0,93.68666666666667
5,2,2020,Early,Early,2,1,0.0,20.0,true,false,false,true,false,false,false,false,HEC Paris; Lund University; University of Melbourne; Eidgenössische Technische Hochschule Zürich; Delft University of Technology; Delft University of Technology; Hochschule Luzern; Hochschule Luzern; HEC Paris; NA; University of St. Gallen,-0.330675922059567,4,false,false,false,,false,false,true,true,false,false,false,false,false,false,Denmark,Consumer Products and Services (B2C),0.0,0,0,4,Male,1.0,-0.403355023220701,false,10,true,false,4,3.375,2012.66666666667,0,0,93.68666666666667
5,3,2020,Early,Early,1,1,0.0,20.0,true,false,false,true,false,false,false,false,HEC Paris; Lund University; University of Melbourne; Eidgenössische Technische Hochschule Zürich; Delft University of Technology; Delft University of Technology; Hochschule Luzern; Hochschule Luzern; HEC Paris; NA; University of St. Gallen,-0.330675922059567,4,false,false,false,,false,false,true,true,false,false,false,false,false,false,Denmark,Consumer Products and Services (B2C),93.51,0,0,4,Male,1.0,-0.403355023220701,false,10,true,false,4,3.375,2012.66666666667,0,0,93.68666666666667
5,4,2020,Early,Early,0,1,0.0,20.0,true,false,false,true,false,false,false,false,HEC Paris; Lund University; University of Melbourne; Eidgenössische Technische Hochschule Zürich; Delft University of Technology; Delft University of Technology; Hochschule Luzern; Hochschule Luzern; HEC Paris; NA; University of St. Gallen,-0.330675922059567,4,false,false,false,,false,false,true,true,false,false,false,false,false,false,Denmark,Consumer Products and Services (B2C),93.68666666666667,0,0,4,Male,1.0,-0.403355023220701,false,10,true,false,4,3.375,2012.66666666667,0,0,93.68666666666667
6,0,2020,Early,Early,4,1,0.0,0.0,false,false,false,true,false,false,false,false,University of Copenhagen; Copenhagen Business School; New York University; Delft University of Technology; Aalborg University; Copenhagen Business School; Copenhagen Business School,-0.403355023220701,1,false,false,false,0.13960775,true,false,false,false,false,false,false,false,false,false,Netherlands,Business Products and Services (B2B),0.0,0,0,4,Male,23.0,-0.403355023220701,false,3,false,false,1,4.33333333333333,,0,0,0.0
6,1,2020,Early,Early,3,1,0.0,0.0,false,false,false,true,false,false,false,false,University of Copenhagen; Copenhagen Business School; New York University; Delft University of Technology; Aalborg University; Copenhagen Business School; Copenhagen Business School,-0.403355023220701,1,false,false,false,0.13960775,true,false,false,false,false,false,false,false,false,false,Netherlands,Business Products and Services (B2B),0.0,0,0,4,Male,23.0,-0.403355023220701,false,3,false,false,1,4.33333333333333,,0,0,0.0
6,2,2020,Early,Early,2,2,0.1125,0.0,false,false,false,true,false,false,false,false,University of Copenhagen; Copenhagen Business School; New York University; Delft University of Technology; Aalborg University; Copenhagen Business School; Copenhagen Business School,-0.403355023220701,1,false,false,false,0.124803875,true,false,false,false,false,false,false,false,false,false,Netherlands,Business Products and Services (B2B),0.0,0,0,4,Male,339.0,-0.403355023220701,false,3,false,false,1,4.33333333333333,,0,0,0.0
6,3,2020,Early,Early,1,2,0.0,0.0,false,false,false,true,false,false,false,false,University of Copenhagen; Copenhagen Business School; New York University; Delft University of Technology; Aalborg University; Copenhagen Business School; Copenhagen Business School,-0.403355023220701,1,false,false,false,0.124803875,true,false,false,false,false,false,false,false,false,false,Netherlands,Business Products and Services (B2B),0.0,0,0,4,Male,339.0,-0.403355023220701,false,3,false,false,1,4.33333333333333,,0,0,0.0
6,4,2020,Early,Early,0,2,0.0,0.0,false,false,false,true,false,false,false,false,University of Copenhagen; Copenhagen Business School; New York University; Delft University of Technology; Aalborg University; Copenhagen Business School; Copenhagen Business School,-0.403355023220701,1,false,false,false,0.124803875,true,false,false,false,false,false,false,false,false,false,Netherlands,Business Products and Services (B2B),0.0,0,0,4,Male,339.0,-0.403355023220701,false,3,false,false,1,4.33333333333333,,0,0,0.0
7,0,2012,Early,Out,6,2,0.0614065,0.0,false,true,false,false,false,false,false,false,Belarusian State University; Miami Dade College,0.340271550744088,2,false,false,false,1.541105395,false,false,false,false,false,false,false,false,false,false,Denmark,Healthcare,98.55,1,0,3,Male,2023.0,0.334659696626273,false,2,false,false,0,3.5,2004.5,1,0,98.55
7,1,2012,Early,Out,5,2,0.0,0.0,false,true,false,false,false,false,false,false,Belarusian State University; Miami Dade College,0.340271550744088,2,false,false,false,1.541105395,false,false,false,false,false,false,false,false,false,false,Denmark,Healthcare,98.55,1,0,3,Male,2023.0,0.334659696626273,false,2,false,false,0,3.5,2004.5,1,0,98.55
7,2,2012,Early,Out,4,2,0.0,0.0,false,true,false,false,false,false,false,false,Belarusian State University; Miami Dade College,0.340271550744088,2,false,false,false,1.541105395,false,false,true,false,false,false,false,false,false,false,Denmark,Healthcare,0.0,0,0,3,Male,2023.0,0.334659696626273,false,2,false,true,5,3.5,2004.5,1,0,98.55
7,3,2012,Early,Out,3,3,1.14840355,0.0,false,true,false,false,false,false,false,false,Belarusian State University; Miami Dade College,0.340271550744088,2,false,false,false,2.340343947,true,false,true,false,false,false,true,false,false,false,Denmark,Healthcare,0.0,0,0,3,Male,1301.8,0.334659696626273,true,2,false,true,8,3.5,2004.5,1,0,98.55
7,4,2012,Early,Out,2,3,0.0,0.0,false,true,false,false,false,false,false,false,Belarusian State University; Miami Dade College,0.340271550744088,2,false,false,false,2.340343947,true,false,true,false,false,false,true,false,false,false,Denmark,Healthcare,0.0,0,0,3,Male,1301.8,0.334659696626273,true,2,false,true,8,3.5,2004.5,1,0,98.55
7,5,2012,Early,Out,1,3,0.0,0.0,false,true,false,false,false,false,false,false,Belarusian State University; Miami Dade College,0.340271550744088,2,false,false,false,2.340343947,true,false,true,false,false,false,true,false,false,false,Denmark,Healthcare,0.0,0,0,3,Male,1301.8,0.334659696626273,true,2,false,true,8,3.5,2004.5,1,0,98.55
8,0,2015,Early,Out,6,1,0.42414519,0.0,true,true,false,true,false,false,false,true,Universidad Pontificia Comillas (Comillas Pontifical University); Universidad Pontificia Comillas (Comillas Pontifical University); Universidad Pontificia Comillas (Comillas Pontifical University); University of Zaragoza; Universidad Politécnica de Madrid; NA; University of Oxford; Harvard Law School; University of Wisconsin; University of Wisconsin,-0.10018134851891,3,false,false,false,,true,false,false,false,false,false,false,false,false,false,Denmark,Consumer Products and Services (B2C),89.58,0,0,3,Male,,1.05868750271114,false,11,false,false,1,3.5,1990.33333333333,0,0,89.58
8,1,2015,Early,Out,5,2,0.39639124,0.0,true,true,false,true,false,false,false,true,Universidad Pontificia Comillas (Comillas Pontifical University); Universidad Pontificia Comillas (Comillas Pontifical University); Universidad Pontificia Comillas (Comillas Pontifical University); University of Zaragoza; National University of Distance Education; Universidad Politécnica de Madrid; NA; University of Oxford; Harvard Law School; University of Wisconsin; University of Wisconsin,-0.122319615424654,3,false,false,false,0.23773684,true,false,false,false,false,false,false,false,false,false,Denmark,Consumer Products and Services (B2C),89.58,0,0,3,Male,8561.0,1.05868750271114,false,13,false,false,1,3.5,1995.2,0,0,89.58
8,2,2015,Early,Out,4,4,1.47411156,0.0,true,true,false,true,false,false,false,true,Universidad Pontificia Comillas (Comillas Pontifical University); Universidad Pontificia Comillas (Comillas Pontifical University); Universidad Pontificia Comillas (Comillas Pontifical University); University of Zaragoza; National University of Distance Education; NA; Universidad Politécnica de Madrid; University of Oxford; Harvard Law School; University of Wisconsin; University of Wisconsin,-0.0795715139913449,3,false,false,false,0.259533335,true,false,false,false,false,false,false,false,false,false,Denmark,Consumer Products and Services (B2C),89.58,0,0,3,Male,4370.0,1.05868750271114,false,14,false,false,1,3.5,1995.2,0,0,89.58
8,3,2015,Early,Out,3,6,1.75375624,0.0,true,true,true,true,false,false,false,true,"Universidad Pontificia Comillas (Comillas Pontifical University); Universidad Pontificia Comillas (Comillas Pontifical University); Universidad Pontificia Comillas (Comillas Pontifical University); University of Zaragoza; National University of Distance Education; NA; Comillas Pontifical University; University of Minnesota, Twin Cities; Stanford University; University of California, Santa Barbara; American University; Johns Hopkins University; Washington & Lee University; University of North Carolina, Chapel Hill; Yale University; Yale University; Carleton College; Georgetown University; Stanford University; Universidad Politécnica de Madrid; University of Oxford; Harvard Law School; University of Wisconsin; University of Wisconsin",0.0334186430402001,3,false,false,false,0.453228902,true,false,false,false,false,false,false,false,false,false,Denmark,Consumer Products and Services (B2C),89.58,0,0,3,Male,1848.2,1.05868750271114,false,21,false,false,1,3.76470588235294,1995.5,0,0,89.58
8,4,2015,Early,Out,2,9,2.1031271,0.0,true,true,true,true,false,false,false,true,"Universidad Pontificia Comillas (Comillas Pontifical University); Universidad Pontificia Comillas (Comillas Pontifical University); Universidad Pontificia Comillas (Comillas Pontifical University); University of Zaragoza; National University of Distance Education; NA; Comillas Pontifical University; University of Minnesota, Twin Cities; Stanford University; University of California, Santa Barbara; American University; Johns Hopkins University; Washington & Lee University; University of North Carolina, Chapel Hill; Yale University; Yale University; Carleton College; Georgetown University; Stanford University; Universidad Politécnica de Madrid; University of Oxford; Harvard Law School; University of Wisconsin; University of Wisconsin",0.0425243745400606,3,false,false,false,0.453228902,true,false,false,false,false,false,false,false,false,false,Denmark,Consumer Products and Services (B2C),89.58,0,0,3,Male,1848.2,1.05868750271114,false,22,false,false,1,3.76470588235294,1995.5,0,0,89.58
8,5,2015,Early,Out,1,10,1.24320021,0.0,true,true,true,true,false,false,false,true,"Universidad Pontificia Comillas (Comillas Pontifical University); Universidad Pontificia Comillas (Comillas Pontifical University); Universidad Pontificia Comillas (Comillas Pontifical University); University of Zaragoza; National University of Distance Education; NA; Comillas Pontifical University; University of Minnesota, Twin Cities; Stanford University; University of California, Santa Barbara; American University; Johns Hopkins University; Washington & Lee University; University of North Carolina, Chapel Hill; Yale University; Yale University; Carleton College; Georgetown University; Stanford University; Universidad Politécnica de Madrid; University of Oxford; Harvard Law School; University of Wisconsin; University of Wisconsin",0.0425243745400606,3,false,false,false,0.839496421666667,true,false,false,false,false,false,false,false,false,false,Denmark,Consumer Products and Services (B2C),89.58,0,0,3,Male,1547.0,1.05868750271114,false,22,false,false,1,3.76470588235294,1995.5,0,0,89.58
9,0,2018,Early,Out,7,1,0.0,16.6666666666667,true,true,false,false,true,false,false,false,NA; RMIT University; University of Oxford,0.328726647860441,3,false,false,false,0.3998319,true,false,false,false,false,false,false,false,false,false,Netherlands,Information Technology,87.76,0,0,3,Male,121.0,-0.0287358091793985,false,6,false,false,1,3.33333333333333,,0,0,87.595
9,1,2018,Early,Out,6,1,0.0,16.6666666666667,true,true,false,false,true,false,false,false,NA; RMIT University; University of Oxford,0.328726647860441,3,false,false,false,0.3998319,true,false,false,false,false,false,false,false,false,false,Netherlands,Information Technology,87.76,0,0,3,Male,121.0,-0.0287358091793985,false,6,false,false,2,3.33333333333333,,0,0,87.595
9,2,2018,Early,Out,5,1,0.0,16.6666666666667,true,true,false,false,true,false,false,false,NA; RMIT University; University of Oxford,0.328726647860441,3,false,false,false,0.3998319,true,false,false,false,false,false,false,false,false,false,Netherlands,Information Technology,87.76,0,0,3,Male,121.0,-0.0287358091793985,false,6,false,false,2,3.33333333333333,,0,0,87.595
9,3,2018,Early,Out,4,1,0.0,28.5714285714286,true,true,false,false,true,false,false,false,NA; RMIT University; University of Oxford,0.277660582569036,3,false,false,false,0.3998319,true,false,false,false,false,false,false,false,false,false,Netherlands,Information Technology,87.76,0,0,3,Male,121.0,-0.0287358091793985,false,7,false,false,2,3.33333333333333,,0,0,87.595
9,4,2018,Early,Out,3,1,0.0,33.3333333333333,true,true,false,false,true,false,false,false,NA; RMIT University; University of Oxford,0.328726647860441,2,false,false,false,0.3998319,true,false,false,false,false,false,false,false,false,false,Netherlands,Information Technology,87.43,0,0,3,Male,121.0,-0.0287358091793985,false,6,false,false,3,3.33333333333333,,0,0,87.595
9,5,2018,Early,Out,2,1,0.0,28.5714285714286,true,true,false,false,true,false,false,false,NA; RMIT University; University of Oxford,0.224143551991707,2,false,false,false,0.3998319,true,false,false,false,false,false,false,false,false,false,Netherlands,Information Technology,0.0,0,0,3,Male,121.0,-0.0287358091793985,false,7,false,false,3,3.33333333333333,,0,0,87.595
9,6,2018,Early,Out,1,1,0.0,28.5714285714286,true,true,false,false,true,false,false,false,NA; RMIT University; University of Oxford,0.224143551991707,2,false,false,false,0.3998319,true,false,false,false,false,false,false,false,false,false,Netherlands,Information Technology,0.0,0,0,3,Male,121.0,-0.0287358091793985,false,7,false,false,3,3.33333333333333,,0,0,87.595
10,0,2018,Early,Early,6,2,0.05338788,0.0,true,true,false,true,false,false,false,false,NA; University of Groningen; University of Applied Sciences; University of Applied Sciences,-0.403355023220701,4,false,false,false,0.55,true,false,false,false,false,false,false,false,false,false,United Kingdom,Consumer Products and Services (B2C),99.345,2,0,,Male,174.0,-0.403355023220701,false,4,false,false,1,4.0,2003.0,2,0,99.345
10,1,2018,Early,Early,5,4,0.22589884,0.0,true,true,false,true,false,false,false,false,NA; University of Groningen; University of Applied Sciences; University of Applied Sciences,-0.403355023220701,4,false,false,false,0.39036345,true,false,true,false,false,false,true,false,false,false,United Kingdom,Consumer Products and Services (B2C),99.345,2,0,,Male,204.5,-0.403355023220701,false,4,true,false,3,4.0,2003.0,2,0,99.345
10,2,2018,Early,Early,4,6,2.63920594,0.0,true,true,false,true,false,false,false,false,NA; University of Groningen; University of Applied Sciences; University of Applied Sciences,-0.403355023220701,4,false,false,false,0.353575633333333,true,false,true,false,false,false,true,false,false,false,United Kingdom,Consumer Products and Services (B2C),99.345,2,0,,Male,342.666666666667,-0.403355023220701,false,4,true,false,3,4.0,2003.0,2,0,99.345
10,3,2018,Early,Early,3,6,0.0,0.0,true,true,false,true,false,false,false,false,NA; University of Groningen; University of Applied Sciences; University of Applied Sciences,-0.403355023220701,4,false,false,false,0.353575633333333,true,false,true,false,false,false,true,false,false,false,United Kingdom,Consumer Products and Services (B2C),99.345,2,0,,Male,342.666666666667,-0.403355023220701,false,4,true,false,3,4.0,2003.0,2,0,99.345
10,4,2018,Early,Early,2,6,0.0,0.0,true,true,false,true,false,false,false,false,NA; University of Groningen; University of Applied Sciences; University of Applied Sciences,-0.403355023220701,2,false,false,false,0.353575633333333,true,false,true,false,false,false,true,false,false,false,United Kingdom,Consumer Products and Services (B2C),99.345,2,0,,Male,342.666666666667,-0.403355023220701,false,2,true,false,3,4.0,2003.0,2,0,99.345
10,5,2018,Early,Early,1,6,0.0,0.0,true,true,false,true,false,false,false,false,NA; University of Groningen; University of Applied Sciences; University of Applied Sciences,-0.403355023220701,2,false,false,false,0.353575633333333,true,false,true,false,false,false,true,false,false,false,United Kingdom,Consumer Products and Services (B2C),99.345,2,0,,Male,342.666666666667,-0.403355023220701,false,2,true,false,3,4.0,2003.0,2,0,99.345
10,6,2018,Early,Early,0,6,0.0,0.0,true,true,false,true,false,false,false,false,NA; University of Groningen; University of Applied Sciences; University of Applied Sciences,-0.403355023220701,2,false,false,false,0.353575633333333,true,false,true,false,false,false,true,false,false,false,United Kingdom,Consumer Products and Services (B2C),99.345,2,0,,Male,342.666666666667,-0.403355023220701,false,2,true,false,3,4.0,2003.0,2,0,99.345
11,0,2017,Early,Early,7,1,105.21977781,20.0,true,false,false,true,false,false,false,false,NA; Emerson College; The American University in Cairo,-0.377753081684414,3,false,false,false,100.0,false,false,true,false,false,false,true,false,false,false,France,Financial Services,0.0,0,0,,Female,40.0,-0.0287358091793985,false,5,false,false,1,4.0,1989.0,0,0,0.0
11,1,2017,Early,Early,6,1,0.0,16.6666666666667,true,false,false,true,false,false,false,false,NA; Emerson College; The American University in Cairo; Helsingin kauppakorkeakoulu; Davidson College,0.0428578269146343,3,false,false,false,100.0,false,false,true,false,false,false,true,false,false,false,France,Financial Services,0.0,0,0,,Female,40.0,-0.0287358091793985,false,6,false,false,1,4.0,1987.0,0,0,0.0
11,2,2017,Early,Early,5,2,150.0,16.6666666666667,true,false,false,true,false,false,false,false,NA; Emerson College; The American University in Cairo; Helsingin kauppakorkeakoulu; Davidson College,0.0428578269146343,3,false,false,false,59.565,false,false,true,true,false,false,true,false,false,true,France,Financial Services,0.0,0,0,,Female,23.0,-0.0287358091793985,false,6,false,true,4,4.0,1987.0,0,0,0.0
11,3,2017,Early,Early,4,2,0.0,14.2857142857143,true,false,false,true,false,false,false,false,NA; Emerson College; The American University in Cairo; Helsingin kauppakorkeakoulu; Davidson College; Helsingin kauppakorkeakoulu; Stanford Graduate School of Business,0.0964302338737621,3,false,false,false,59.565,false,true,true,true,false,true,true,false,false,true,France,Financial Services,0.0,0,0,,Female,23.0,-0.0287358091793985,false,7,false,true,8,4.0,1987.0,0,0,0.0
11,4,2017,Early,Early,3,2,0.0,14.2857142857143,true,false,false,true,false,false,false,false,NA; Emerson College; The American University in Cairo; Helsingin kauppakorkeakoulu; Davidson College; Helsingin kauppakorkeakoulu; Stanford Graduate School of Business,0.0964302338737621,3,false,false,false,59.565,false,true,true,true,false,true,true,false,false,true,France,Financial Services,0.0,0,0,,Female,23.0,-0.0287358091793985,false,7,false,true,15,4.0,1987.0,0,0,0.0
11,5,2017,Early,Early,2,2,0.0,14.2857142857143,true,false,false,true,false,false,false,false,NA; Emerson College; The American University in Cairo; Helsingin kauppakorkeakoulu; Davidson College; Helsingin kauppakorkeakoulu; Stanford Graduate School of Business,0.0964302338737621,3,false,false,false,59.565,false,true,true,true,false,true,true,false,false,true,France,Financial Services,0.0,0,0,,Female,23.0,-0.0287358091793985,false,7,false,true,16,4.0,1987.0,0,0,0.0
11,6,2017,Early,Early,1,2,0.0,14.2857142857143,true,false,false,true,false,false,false,false,NA; Emerson College; The American University in Cairo; Helsingin kauppakorkeakoulu; Davidson College; Helsingin kauppakorkeakoulu; Stanford Graduate School of Business,0.0964302338737621,3,false,false,false,59.565,false,true,true,true,false,true,true,false,false,true,France,Financial Services,0.0,0,0,,Female,23.0,-0.0287358091793985,true,7,true,true,18,4.0,1987.0,0,0,0.0
11,7,2017,Early,Early,0,2,0.0,14.2857142857143,true,false,false,true,false,false,false,false,NA; Emerson College; The American University in Cairo; Helsingin kauppakorkeakoulu; Davidson College; Helsingin kauppakorkeakoulu; Stanford Graduate School of Business,0.0964302338737621,3,false,false,false,59.565,false,true,true,true,false,true,true,false,false,true,France,Financial Services,0.0,0,0,,Female,23.0,-0.0287358091793985,true,7,true,true,19,4.0,1987.0,0,0,0.0
12,0,2017,Early,Early,7,2,0.0,0.0,true,false,false,false,false,false,false,false,Ecole polytechnique; NA,0.938762476198078,2,false,false,false,0.075,false,false,false,false,false,false,false,false,false,false,United Kingdom,Information Technology,98.37,2,0,4,Male,156.0,1.91748446981119,false,2,false,false,1,4.0,2003.0,2,0,98.37
12,1,2017,Early,Early,6,3,0.0,0.0,true,false,false,false,false,false,false,false,Ecole polytechnique; NA; HEC Paris; Bowdoin College; ESSEC Business School,0.206171077707945,2,false,false,false,0.2125,false,false,false,false,false,false,false,false,false,false,United Kingdom,Information Technology,98.37,2,0,4,Male,293.0,1.91748446981119,false,5,false,false,1,4.0,2005.75,2,0,98.37
12,2,2017,Early,Early,5,3,0.0,0.0,true,false,false,false,false,false,false,false,Ecole polytechnique; NA; HEC Paris; Bowdoin College; ESSEC Business School; Université Paris Dauphine,0.218240958458935,2,false,false,false,0.2125,false,false,false,false,false,false,false,false,false,false,United Kingdom,Information Technology,98.37,2,0,4,Male,293.0,1.91748446981119,false,6,false,false,1,4.0,2005.75,2,0,98.37
12,3,2017,Early,Early,4,6,0.2289466,0.0,true,false,false,false,false,false,false,false,NA; HEC Paris; Bowdoin College; ESSEC Business School; Université Paris Dauphine,0.269881053633728,1,false,false,false,0.175,false,false,false,false,false,false,false,false,false,false,United Kingdom,Information Technology,98.37,2,0,4,Male,371.666666666667,1.91748446981119,false,5,false,false,1,4.0,2006.66666666667,2,0,98.37
12,4,2017,Early,Early,3,7,0.567,0.0,true,false,false,false,false,false,false,false,NA; HEC Paris; Bowdoin College; ESSEC Business School; Université Paris Dauphine,0.269881053633728,1,false,false,false,0.29875,false,false,true,false,false,false,false,false,false,false,United Kingdom,Information Technology,98.37,2,0,4,Male,285.75,1.91748446981119,false,5,false,false,2,4.0,2006.66666666667,2,0,98.37
12,5,2017,Early,Early,2,8,0.05,0.0,true,false,false,false,false,false,false,false,NA; ESSEC Business School; Université Paris Dauphine,0.347341196395918,1,false,false,false,0.251,false,false,true,false,false,false,false,false,false,false,United Kingdom,Information Technology,98.37,2,0,4,Male,238.0,1.91748446981119,false,4,false,false,2,4.0,2008.5,2,0,98.37
12,6,2017,Early,Early,1,9,0.0,0.0,true,false,false,false,false,false,false,false,NA; ESSEC Business School; Université Paris Dauphine,0.347341196395918,1,false,false,false,0.251,false,false,true,false,false,false,false,false,false,false,United Kingdom,Information Technology,98.37,2,0,4,Male,238.0,1.91748446981119,false,4,false,false,2,4.0,2008.5,2,0,98.37
12,7,2017,Early,Early,0,10,0.0,0.0,true,false,false,false,false,false,false,false,NA; ESSEC Business School; Université Paris Dauphine,0.347341196395918,1,false,false,false,0.251,false,false,true,false,false,false,false,false,false,false,United Kingdom,Information Technology,98.37,2,0,4,Male,119.5,1.91748446981119,false,4,false,false,2,4.0,2008.5,2,0,98.37
13,0,2016,Early,Early,8,1,0.596476247760611,0.0,false,true,false,false,false,false,false,false,University of New Orleans,-0.403355023220701,1,false,false,false,0.54,true,false,false,false,false,false,false,false,false,false,France,Information Technology,94.99,0,0,3,Male,8.0,-0.403355023220701,false,1,false,false,1,3.0,,0,0,94.905
13,1,2016,Early,Early,7,1,0.0,0.0,false,true,false,false,false,false,false,false,University of New Orleans,-0.403355023220701,1,false,false,false,0.54,true,false,false,false,false,false,false,false,false,false,France,Information Technology,94.99,0,0,3,Male,8.0,-0.403355023220701,false,1,false,false,1,3.0,,0,0,94.905
13,2,2016,Early,Early,6,1,0.0,0.0,false,true,false,false,false,false,false,false,University of New Orleans,-0.403355023220701,1,false,false,false,0.54,true,false,false,false,false,false,false,false,false,false,France,Information Technology,94.99,0,0,3,Male,8.0,-0.403355023220701,false,1,false,false,1,3.0,,0,0,94.905
13,3,2016,Early,Early,5,2,0.707882885664986,0.0,false,true,false,false,false,false,false,false,University of New Orleans,-0.403355023220701,1,false,false,false,0.752612855,true,false,false,true,false,false,false,false,false,false,France,Information Technology,94.99,0,0,3,Male,80.0,-0.403355023220701,false,1,false,false,2,3.0,,0,0,94.905
13,4,2016,Early,Early,4,2,0.0,0.0,false,true,false,false,false,false,false,false,University of New Orleans,-0.403355023220701,1,false,false,false,0.752612855,true,false,false,true,false,false,false,false,false,false,France,Information Technology,94.99,0,0,3,Male,80.0,-0.403355023220701,false,1,false,false,2,3.0,,0,0,94.905
13,5,2016,Early,Early,3,3,0.05779097,0.0,false,true,false,false,false,false,false,false,University of New Orleans,-0.403355023220701,1,false,false,false,0.525075236666667,true,false,true,true,false,false,false,false,false,false,France,Information Technology,94.905,0,0,3,Male,922.666666666667,-0.403355023220701,true,1,false,false,4,3.0,,0,0,94.905
13,6,2016,Early,Early,2,4,0.00720059,0.0,false,true,false,false,false,false,false,false,University of New Orleans,-0.403355023220701,1,false,false,false,0.3988064275,true,false,true,true,false,false,false,false,false,false,France,Information Technology,94.905,0,0,3,Male,695.0,-0.403355023220701,true,1,false,false,4,3.0,,0,0,94.905
13,7,2016,Early,Early,1,4,0.0,0.0,false,true,false,false,false,false,false,false,University of New Orleans,-0.403355023220701,1,false,false,false,0.3988064275,true,false,true,true,false,false,false,false,false,false,France,Information Technology,94.82,0,0,3,Male,695.0,-0.403355023220701,true,1,false,false,4,3.0,,0,0,94.905
13,8,2016,Early,Early,0,4,0.0,0.0,false,true,false,false,false,false,false,false,University of New Orleans,-0.403355023220701,1,false,false,false,0.3988064275,true,false,true,true,false,false,false,false,false,false,France,Information Technology,0.0,0,0,3,Male,695.0,-0.403355023220701,true,1,false,false,4,3.0,,0,0,94.905
14,0,2016,Early,Later,5,1,0.0,0.0,false,false,false,false,false,false,false,false,NA; Bristol University; University of Valencia; Massachusetts Institute of Technology (MIT),0.652016256993838,2,false,false,false,,true,false,true,false,false,false,true,false,false,false,Latvia,Consumer Products and Services (B2C),91.83333333333333,1,0,3,Male,,0.722763311001538,false,2,false,false,1,3.0,1998.0,1,0,91.77499999999999
14,1,2016,Early,Later,4,2,0.7632041775,0.0,false,false,false,false,false,false,false,false,NA; Bristol University; University of Valencia; Massachusetts Institute of Technology (MIT),0.652016256993838,2,false,false,false,2.0,true,false,true,false,false,false,true,true,false,false,Latvia,Consumer Products and Services (B2C),91.83333333333333,1,0,3,Male,24.0,0.722763311001538,false,2,false,false,2,3.0,1998.0,1,0,91.77499999999999
14,2,2016,Early,Later,3,2,0.0,0.0,false,false,false,false,false,false,false,false,NA; Bristol University; University of Valencia; Massachusetts Institute of Technology (MIT),0.652016256993838,2,false,false,false,2.0,true,false,true,false,false,false,true,true,false,false,Latvia,Consumer Products and Services (B2C),91.83333333333333,1,0,3,Male,24.0,0.722763311001538,false,2,false,false,2,3.0,1998.0,1,0,91.77499999999999
14,3,2016,Early,Later,2,2,0.0,0.0,false,false,false,false,false,false,false,false,NA; Bristol University; University of Valencia; Massachusetts Institute of Technology (MIT),0.652016256993838,2,false,false,false,2.0,true,false,true,false,false,false,true,true,false,false,Latvia,Consumer Products and Services (B2C),91.83333333333333,1,0,3,Male,24.0,0.722763311001538,false,2,false,false,2,3.0,1998.0,1,0,91.77499999999999
14,4,2016,Early,Later,1,2,0.0,0.0,false,false,false,false,false,false,false,false,NA; Bristol University; University of Valencia; Massachusetts Institute of Technology (MIT),0.652016256993838,2,false,false,false,2.0,true,false,true,false,false,false,true,true,false,false,Latvia,Consumer Products and Services (B2C),91.83333333333333,1,0,3,Male,24.0,0.722763311001538,false,2,false,false,2,3.0,1998.0,1,0,91.77499999999999
14,5,2016,Later,Later,3,2,0.0,0.0,false,false,false,false,false,false,false,false,NA; Bristol University; University of Valencia; Massachusetts Institute of Technology (MIT),0.652016256993838,2,false,false,false,2.0,true,false,true,false,false,false,true,true,false,false,Latvia,Consumer Products and Services (B2C),91.83333333333333,1,0,3,Male,24.0,0.722763311001538,false,2,false,false,2,3.0,1998.0,1,0,91.77499999999999
14,6,2016,Later,Later,2,2,0.0,0.0,false,false,false,false,false,false,false,false,NA; Bristol University; University of Valencia; Massachusetts Institute of Technology (MIT),0.652016256993838,2,false,false,false,2.0,true,false,true,false,false,false,true,true,false,false,Latvia,Consumer Products and Services (B2C),91.83333333333333,1,0,3,Male,24.0,0.722763311001538,false,2,false,false,2,3.0,1998.0,1,0,91.77499999999999
14,7,2016,Later,Later,1,2,0.0,0.0,false,false,false,false,false,false,false,false,NA; Bristol University; University of Valencia; Massachusetts Institute of Technology (MIT),0.652016256993838,2,false,false,false,2.0,true,false,true,false,false,false,true,true,false,false,Latvia,Consumer Products and Services (B2C),91.83333333333333,1,0,3,Male,24.0,0.722763311001538,false,2,false,false,2,3.0,1998.0,1,0,91.77499999999999
14,8,2016,Later,Later,0,2,0.0,0.0,false,false,false,false,false,false,false,false,NA; Bristol University; University of Valencia; Massachusetts Institute of Technology (MIT),0.652016256993838,2,false,false,false,2.0,true,false,true,false,false,false,true,true,false,false,Latvia,Consumer Products and Services (B2C),93.82,1,0,3,Male,24.0,0.722763311001538,false,2,false,false,2,3.0,1998.0,1,0,91.77499999999999
15,0,2010,Early,Later,3,1,0.06142693,18.1818181818182,true,true,false,true,true,false,false,true,NA; University of Oxford; London School of Economics and Political Science; University of Oxford; University of Warwick; University of Cambridge; Eton College; Emory University; University of Pennsylvania (Wharton); University of Pennsylvania (Wharton); Lancaster University; Stanford Graduate School of Business; Virginia Polytechnic Institute and State University (Virginia Tech); Securities Institute of Australia; Macquarie University,0.230024792398048,4,false,false,false,3.499968,false,false,true,false,false,false,false,false,false,false,France,Business Products and Services (B2B),90.55,0,0,4,Male,26.0,-0.0848051435917848,false,11,false,false,1,3.44444444444444,2004.14285714286,0,0,90.55
15,1,2010,Early,Later,2,2,0.2242289,18.1818181818182,true,true,false,true,true,false,false,true,NA; University of Oxford; London School of Economics and Political Science; University of Oxford; University of Warwick; University of Cambridge; Eton College; Emory University; University of Pennsylvania (Wharton); University of Pennsylvania (Wharton); Lancaster University; Stanford Graduate School of Business; Virginia Polytechnic Institute and State University (Virginia Tech); Securities Institute of Australia; Macquarie University,0.230024792398048,4,false,false,false,1.86209845,false,false,true,false,false,false,false,false,false,false,France,Business Products and Services (B2B),90.55,0,0,4,Male,13.5,-0.0848051435917848,false,11,false,false,1,3.44444444444444,2004.14285714286,0,0,90.55
15,2,2010,Early,Later,1,3,0.0,16.6666666666667,true,true,false,true,true,false,false,true,"NA; University of Oxford; London School of Economics and Political Science; University of Oxford; New York University (Stern); Rutgers University, New Brunswick; University of Warwick; University of Cambridge; Eton College; Emory University; University of Pennsylvania (Wharton); University of Pennsylvania (Wharton); Lancaster University; Stanford Graduate School of Business; Virginia Polytechnic Institute and State University (Virginia Tech); Securities Institute of Australia; Macquarie University",0.203788964398896,4,false,false,false,1.24806563333333,false,false,true,false,false,false,false,false,false,false,France,Business Products and Services (B2B),90.55,0,0,4,Male,43.6666666666667,-0.0848051435917848,false,12,false,false,1,3.5,2002.75,0,0,90.55
15,3,2010,Later,Exit,8,4,0.01812203,15.3846153846154,true,true,false,false,true,false,false,true,"NA; University of Oxford; London School of Economics and Political Science; University of Oxford; New York University (Stern); Rutgers University, New Brunswick; University College Dublin; University of Warwick; University of Cambridge; Eton College; Emory University; University of Pennsylvania (Wharton); University of Pennsylvania (Wharton); Lancaster University; Stanford Graduate School of Business; Virginia Polytechnic Institute and State University (Virginia Tech); Securities Institute of Australia; Macquarie University",0.18503908118244,4,false,false,false,0.943549225,false,false,true,false,false,false,false,false,false,false,France,Business Products and Services (B2B),90.55,0,0,4,Male,167.25,-0.0848051435917848,false,13,false,false,1,3.54545454545455,2002.75,0,0,90.55
15,4,2010,Later,Exit,7,5,2.51707936604232,15.3846153846154,true,true,false,false,true,false,false,true,"NA; University of Oxford; London School of Economics and Political Science; University of Oxford; New York University (Stern); Rutgers University, New Brunswick; University College Dublin; University of Warwick; University of Cambridge; Eton College; Emory University; University of Pennsylvania (Wharton); University of Pennsylvania (Wharton); Lancaster University; Stanford Graduate School of Business; Virginia Polytechnic Institute and State University (Virginia Tech); Securities Institute of Australia; Macquarie University",0.18503908118244,4,false,false,false,1.40280586,true,false,true,false,false,false,false,false,false,false,France,Business Products and Services (B2B),90.55,0,0,4,Male,157.8,-0.0848051435917848,false,13,false,false,2,3.54545454545455,2002.75,0,0,90.55
15,5,2010,Later,Exit,6,5,0.0,15.3846153846154,true,true,false,false,true,false,false,true,"NA; University of Oxford; London School of Economics and Political Science; University of Oxford; New York University (Stern); Rutgers University, New Brunswick; University College Dublin; University of Warwick; University of Cambridge; Eton College; Emory University; University of Pennsylvania (Wharton); University of Pennsylvania (Wharton); Lancaster University; Stanford Graduate School of Business; Virginia Polytechnic Institute and State University (Virginia Tech); Securities Institute of Australia; Macquarie University",0.18503908118244,4,false,false,false,1.40280586,true,false,true,false,false,false,false,false,false,false,France,Business Products and Services (B2B),90.55,0,0,4,Male,157.8,-0.0399595174150297,false,13,false,false,2,3.54545454545455,2002.75,0,0,90.55
15,6,2010,Later,Exit,5,5,0.0,15.3846153846154,true,true,false,false,true,false,false,true,"NA; University of Oxford; London School of Economics and Political Science; University of Oxford; New York University (Stern); Rutgers University, New Brunswick; University College Dublin; University of Warwick; University of Cambridge; Eton College; Emory University; University of Pennsylvania (Wharton); University of Pennsylvania (Wharton); Lancaster University; Stanford Graduate School of Business; Virginia Polytechnic Institute and State University (Virginia Tech); Securities Institute of Australia; Macquarie University",0.18503908118244,4,false,false,false,1.40280586,true,false,true,false,false,false,false,false,false,false,France,Business Products and Services (B2B),90.55,0,0,4,Male,157.8,-0.0848051435917848,false,13,false,false,2,3.54545454545455,2002.75,0,0,90.55
15,7,2010,Later,Exit,4,5,0.0,15.3846153846154,true,true,false,false,true,false,false,false,"NA; University of Oxford; London School of Economics and Political Science; University of Oxford; New York University (Stern); Rutgers University, New Brunswick; University College Dublin; University of Warwick; University of Cambridge; Eton College; Emory University; University of Pennsylvania (Wharton); University of Pennsylvania (Wharton); Lancaster University; Stanford Graduate School of Business; Virginia Polytechnic Institute and State University (Virginia Tech); Securities Institute of Australia; Macquarie University",0.18503908118244,4,false,false,false,1.40280586,true,false,true,false,false,false,false,false,false,false,France,Business Products and Services (B2B),90.55,0,0,4,Male,157.8,-0.0848051435917848,true,13,false,false,6,3.54545454545455,2002.75,0,0,90.55
15,8,2010,Later,Exit,3,5,0.0,11.1111111111111,true,true,false,false,true,false,false,false,"NA; University of Oxford; London School of Economics and Political Science; University of Oxford; New York University (Stern); Rutgers University, New Brunswick; University College Dublin; University of Cambridge; Eton College; Stanford Graduate School of Business; Virginia Polytechnic Institute and State University (Virginia Tech)",0.112780612856351,4,false,false,false,1.40280586,true,false,true,false,false,false,false,false,false,false,France,Business Products and Services (B2B),90.55,0,0,4,Male,157.8,-0.0848051435917848,true,9,false,false,7,3.71428571428571,2004.5,0,0,90.55
15,9,2010,Later,Exit,2,5,0.0,11.1111111111111,true,true,false,false,true,false,false,false,"NA; University of Oxford; London School of Economics and Political Science; University of Oxford; New York University (Stern); Rutgers University, New Brunswick; University College Dublin; University of Cambridge; Eton College; Stanford Graduate School of Business; Virginia Polytechnic Institute and State University (Virginia Tech)",0.112780612856351,4,false,false,false,1.40280586,true,false,true,false,false,false,false,false,false,false,France,Business Products and Services (B2B),90.55,0,0,4,Male,157.8,-0.0848051435917848,true,9,true,false,10,3.71428571428571,2004.5,0,0,90.55
15,10,2010,Later,Exit,1,5,0.0,12.5,true,true,false,false,true,false,false,false,NA; University of Oxford; London School of Economics and Political Science; University of Oxford; University College Dublin; University of Cambridge; Eton College; Stanford Graduate School of Business; Virginia Polytechnic Institute and State University (Virginia Tech),0.137478832412368,4,false,false,false,1.40280586,true,false,true,false,false,false,false,false,false,false,France,Business Products and Services (B2B),0.0,0,0,4,Male,157.8,-0.0848051435917848,true,8,true,false,15,3.66666666666667,2006.8,0,0,90.55
16,0,2014,Early,Early,10,2,1.65873579,0.0,true,true,false,false,false,false,false,true,Ecole Centrale de Paris; NA,-0.403355023220701,2,false,false,false,5.59,false,false,false,false,false,false,false,false,false,false,France,Consumer Products and Services (B2C),93.87333333333333,1,0,4,Male,60.0,-0.403355023220701,false,2,true,true,1,4.0,,1,0,93.328
16,1,2014,Early,Early,9,2,0.0,0.0,true,true,false,false,false,false,false,true,Ecole Centrale de Paris; NA,-0.403355023220701,2,false,false,false,5.59,false,false,false,false,false,false,false,false,false,false,France,Consumer Products and Services (B2C),93.8275,1,0,4,Male,60.0,-0.403355023220701,false,2,true,true,1,4.0,,1,0,93.328
16,2,2014,Early,Early,8,2,0.0,0.0,true,true,false,false,false,false,false,true,Ecole Centrale de Paris; NA,-0.403355023220701,2,false,false,false,5.59,true,false,true,false,false,false,true,false,false,false,France,Consumer Products and Services (B2C),93.8275,1,0,4,Male,60.0,-0.403355023220701,false,2,true,true,2,4.0,,1,0,93.328
16,3,2014,Early,Early,7,2,0.0,0.0,true,true,false,false,false,false,false,true,Ecole Centrale de Paris; NA,-0.403355023220701,2,false,false,false,5.59,true,false,true,false,false,false,true,false,false,false,France,Consumer Products and Services (B2C),93.8275,1,0,4,Male,60.0,-0.403355023220701,false,2,true,true,3,4.0,,1,0,93.328
16,4,2014,Early,Early,6,2,0.0,0.0,true,true,false,false,false,false,false,false,Ecole Centrale de Paris; NA,-0.403355023220701,2,false,false,false,5.59,true,false,true,false,false,false,true,false,false,false,France,Consumer Products and Services (B2C),93.8275,1,0,4,Male,60.0,-0.403355023220701,false,2,true,true,4,4.0,,1,0,93.328
16,5,2014,Early,Early,5,2,0.0,0.0,true,true,false,false,false,false,false,false,Ecole Centrale de Paris; NA,-0.403355023220701,2,false,false,false,5.59,true,true,true,false,false,false,true,false,false,false,France,Consumer Products and Services (B2C),93.328,1,0,4,Male,60.0,-0.403355023220701,true,2,true,true,6,4.0,,1,0,93.328
16,6,2014,Early,Early,4,2,0.0,0.0,true,true,false,false,false,false,false,false,Ecole Centrale de Paris; NA,-0.403355023220701,2,false,false,false,5.59,true,true,true,false,false,false,true,false,false,false,France,Consumer Products and Services (B2C),93.328,1,0,4,Male,60.0,-0.403355023220701,true,2,true,true,6,4.0,,1,0,93.328
16,7,2014,Early,Early,3,2,0.0,0.0,true,true,false,false,false,false,false,false,Ecole Centrale de Paris; NA,-0.403355023220701,2,false,false,false,5.59,true,true,true,false,false,false,true,false,false,false,France,Consumer Products and Services (B2C),93.328,1,0,4,Male,60.0,-0.403355023220701,true,2,true,true,6,4.0,,1,0,93.328
16,8,2014,Early,Early,2,2,0.0,0.0,true,true,false,false,false,false,false,false,Ecole Centrale de Paris; NA,-0.403355023220701,2,false,false,false,5.59,true,true,true,false,false,false,true,false,false,false,France,Consumer Products and Services (B2C),93.328,1,0,4,Male,60.0,-0.403355023220701,true,2,true,true,7,4.0,,1,0,93.328
16,9,2014,Early,Early,1,2,0.0,0.0,true,true,false,false,false,false,false,false,Ecole Centrale de Paris; NA,-0.403355023220701,2,false,false,false,5.59,true,true,true,false,false,false,true,false,false,false,France,Consumer Products and Services (B2C),93.785,1,0,4,Male,60.0,-0.403355023220701,true,2,true,true,7,4.0,,1,0,93.328
16,10,2014,Early,Early,0,3,1.67,0.0,true,true,false,false,false,false,false,false,Ecole Centrale de Paris; NA,-0.403355023220701,2,false,false,false,5.59,true,true,true,false,false,false,true,false,false,false,France,Consumer Products and Services (B2C),93.69,0,0,4,Male,60.0,-0.403355023220701,true,2,true,true,7,4.0,,1,0,93.328
17,0,2012,Early,Later,6,1,0.0,0.0,false,false,false,false,false,false,false,true,Imperial College London; University of Oxford,-0.0399595174150297,1,false,false,false,1.29,false,false,true,true,false,false,false,false,false,false,United Kingdom,Information Technology,0.0,0,0,5,Male,518.0,-0.0399595174150297,true,1,false,false,3,5.0,1986.0,0,0,0.0
17,1,2012,Early,Later,5,1,0.0,0.0,false,false,false,false,false,false,false,true,Imperial College London; University of Oxford,-0.0399595174150297,1,false,false,false,1.29,false,false,true,true,false,false,false,false,false,false,United Kingdom,Information Technology,0.0,0,0,5,Male,518.0,-0.0399595174150297,true,1,false,false,3,5.0,1986.0,0,0,0.0
17,2,2012,Early,Later,4,1,0.0,0.0,false,false,false,false,false,false,false,true,Imperial College London; University of Oxford,-0.0399595174150297,1,false,false,false,1.29,true,true,true,true,false,false,true,false,false,false,United Kingdom,Information Technology,0.0,0,0,5,Male,518.0,-0.0399595174150297,true,1,false,false,12,5.0,1986.0,0,0,0.0
17,3,2012,Early,Later,3,2,1.70388249,0.0,false,false,false,false,false,false,false,true,Imperial College London; University of Oxford,-0.0399595174150297,1,false,false,false,2.59666666666667,true,true,true,true,false,false,true,false,false,false,United Kingdom,Information Technology,0.0,0,0,5,Male,270.0,-0.0399595174150297,true,1,false,false,12,5.0,1986.0,0,0,0.0
17,4,2012,Early,Later,2,3,4.15338736,0.0,false,false,false,false,false,false,false,true,Imperial College London; University of Oxford,-0.0399595174150297,1,false,false,false,2.89881548,true,true,true,true,false,false,true,false,false,false,United Kingdom,Information Technology,0.0,0,0,5,Male,246.75,-0.0399595174150297,true,1,false,false,12,5.0,1986.0,0,0,0.0
17,5,2012,Early,Later,1,3,0.0,0.0,false,false,false,false,false,false,false,true,Imperial College London; University of Oxford,-0.0399595174150297,1,false,false,false,2.89881548,true,true,true,true,false,false,true,false,false,false,United Kingdom,Information Technology,0.0,0,0,5,Male,246.75,-0.0399595174150297,true,1,false,false,15,5.0,1986.0,0,0,0.0
17,6,2012,Later,Later,6,3,0.0,0.0,false,false,false,false,false,false,false,true,Imperial College London; University of Oxford,-0.0399595174150297,1,false,false,false,2.89881548,true,true,true,true,false,false,true,false,false,false,United Kingdom,Information Technology,0.0,0,0,5,Male,246.75,-0.0399595174150297,true,1,false,false,15,5.0,1986.0,0,0,0.0
17,7,2012,Later,Later,5,4,1.998585,0.0,false,false,false,false,false,false,false,true,Imperial College London; University of Oxford,-0.0399595174150297,1,false,false,false,2.89881548,true,true,true,true,false,false,true,false,false,false,United Kingdom,Information Technology,0.0,0,0,5,Male,246.75,-0.0399595174150297,true,1,false,false,15,5.0,1986.0,0,0,0.0
17,8,2012,Later,Later,4,4,0.0,0.0,false,false,false,false,false,false,false,true,Imperial College London; University of Oxford,-0.0399595174150297,1,false,false,false,2.89881548,true,true,true,true,false,false,true,false,false,false,United Kingdom,Information Technology,0.0,0,0,5,Male,246.75,-0.0399595174150297,true,1,false,false,15,5.0,1986.0,0,0,0.0
17,9,2012,Later,Later,3,4,0.0,0.0,false,false,false,false,false,false,false,true,Imperial College London; University of Oxford,-0.0399595174150297,1,false,false,false,2.89881548,true,true,true,true,false,false,true,false,false,false,United Kingdom,Information Technology,0.0,0,0,5,Male,246.75,-0.0399595174150297,true,1,false,false,15,5.0,1986.0,0,0,0.0
17,10,2012,Later,Later,2,4,0.0,0.0,false,false,false,false,false,false,false,true,Imperial College London; University of Oxford,-0.0399595174150297,1,false,false,false,2.89881548,true,true,true,true,false,false,true,false,false,false,United Kingdom,Information Technology,0.0,0,0,5,Male,246.75,-0.0399595174150297,true,1,false,false,15,5.0,1986.0,0,0,0.0
17,11,2012,Later,Later,1,4,0.0,0.0,false,false,false,false,false,false,false,true,Imperial College London; University of Oxford,-0.0399595174150297,1,false,false,false,2.89881548,true,true,true,true,false,false,true,false,false,false,United Kingdom,Information Technology,0.0,0,0,5,Male,246.75,-0.0399595174150297,true,1,false,false,15,5.0,1986.0,0,0,0.0
17,12,2012,Later,Later,0,4,0.0,0.0,false,false,false,false,false,false,false,true,Imperial College London; University of Oxford,-0.0399595174150297,1,false,false,false,2.89881548,true,true,true,true,false,false,true,false,false,false,United Kingdom,Information Technology,0.0,0,0,5,Male,246.75,-0.0399595174150297,true,1,false,false,15,5.0,1986.0,0,0,0.0
18,0,2012,Early,Later,11,1,0.0,11.1111111111111,false,false,false,false,false,false,false,false,London Business School; Norwegian University of Science and Technology; University of Bergen; NA; BI Norwegian Business School; Cranfield School of Management; Aarhus Universitet; Sør-Trøndelag University College,0.589545001759878,4,false,false,false,2.93267834,false,false,false,false,false,false,false,false,false,false,Netherlands,Business Products and Services (B2B),0.0,0,0,4,Male,375.0,1.77126753800968,false,9,false,false,0,3.8,1990.6,0,0,0.0
18,1,2012,Early,Later,10,2,0.45,9.09090909090909,false,false,false,false,false,false,false,false,London Business School; Norwegian University of Science and Technology; University of Bergen; NA; Norwegian University of Science and Technology; BI Norwegian Business School; Cranfield School of Management; Aarhus Universitet; Sør-Trøndelag University College,0.496031625591661,4,false,false,false,2.22133917,false,false,false,false,false,false,false,false,false,false,Netherlands,Business Products and Services (B2B),0.0,0,0,4,Male,221.5,-0.0848051435917848,false,11,false,false,0,3.57142857142857,1992.5,0,0,0.0
18,2,2012,Early,Later,9,2,0.0,7.69230769230769,false,false,false,false,false,false,false,false,London Business School; Norwegian University of Science and Technology; University of Bergen; NA; Norwegian University of Science and Technology; University of Oslo; BI Norwegian Business School; Cranfield School of Management; Aarhus Universitet; Sør-Trøndelag University College,0.338694486823615,4,false,false,false,2.22133917,false,false,false,false,false,false,false,false,false,false,Netherlands,Business Products and Services (B2B),0.0,0,0,4,Male,221.5,-0.0848051435917848,false,13,false,false,0,3.55555555555556,1992.875,0,0,0.0
18,3,2012,Early,Later,8,2,0.0,7.69230769230769,false,false,false,false,false,false,false,false,London Business School; Norwegian University of Science and Technology; University of Bergen; NA; Norwegian University of Science and Technology; University of Oslo; BI Norwegian Business School; Cranfield School of Management; Aarhus Universitet; Sør-Trøndelag University College,0.338694486823615,4,false,false,false,2.22133917,false,false,false,false,false,false,false,false,false,false,Netherlands,Business Products and Services (B2B),0.0,0,0,4,Male,221.5,-0.0848051435917848,false,13,false,false,0,3.55555555555556,1992.875,0,0,0.0
18,4,2012,Early,Later,7,2,0.0,7.69230769230769,false,false,false,false,false,false,false,false,London Business School; Norwegian University of Science and Technology; University of Bergen; NA; Norwegian University of Science and Technology; University of Oslo; BI Norwegian Business School; Cranfield School of Management; Aarhus Universitet; Sør-Trøndelag University College,0.338694486823615,4,false,false,false,2.22133917,false,false,false,true,false,false,false,false,false,false,Netherlands,Business Products and Services (B2B),0.0,0,0,4,Male,221.5,-0.0848051435917848,false,13,true,false,1,3.55555555555556,1992.875,0,0,0.0
18,5,2012,Early,Later,6,2,0.0,7.69230769230769,false,false,false,false,false,false,false,false,London Business School; Norwegian University of Science and Technology; University of Bergen; NA; Norwegian University of Science and Technology; University of Oslo; BI Norwegian Business School; Cranfield School of Management; Aarhus Universitet; Sør-Trøndelag University College,0.338694486823615,4,false,false,false,2.22133917,false,true,true,true,false,false,false,false,false,false,Netherlands,Business Products and Services (B2B),0.0,0,0,4,Male,221.5,-0.0848051435917848,false,13,true,false,3,3.55555555555556,1992.875,0,0,0.0
18,6,2012,Early,Later,5,2,0.0,6.25,false,false,false,false,false,false,false,false,"London Business School; Norwegian University of Science and Technology; University of Bergen; NA; Norwegian University of Science and Technology; University of Oslo; BI Norwegian Business School; University of Bath; Katholieke Universiteit Leuven (KU Leuven, University of Leuven); Cranfield School of Management; Aarhus Universitet; Sør-Trøndelag University College",0.330466138350846,4,false,false,false,2.22133917,false,true,true,true,false,false,false,false,false,false,Netherlands,Business Products and Services (B2B),0.0,0,0,4,Male,221.5,-0.0848051435917848,false,16,true,false,3,3.63636363636364,1992.8,0,0,0.0
18,7,2012,Early,Later,4,2,0.0,6.25,false,false,false,false,false,false,false,false,"London Business School; Norwegian University of Science and Technology; University of Bergen; NA; Norwegian University of Science and Technology; University of Oslo; BI Norwegian Business School; University of Bath; Katholieke Universiteit Leuven (KU Leuven, University of Leuven); Cranfield School of Management; Aarhus Universitet; Sør-Trøndelag University College",0.330466138350846,4,false,false,false,2.22133917,false,true,true,true,false,false,false,false,false,false,Netherlands,Business Products and Services (B2B),0.0,0,0,4,Male,221.5,-0.0848051435917848,false,16,true,false,3,3.63636363636364,1992.8,0,0,0.0
18,8,2012,Early,Later,3,2,0.0,0.0,false,false,false,false,false,false,false,false,"London Business School; Norwegian University of Science and Technology; University of Bergen; NA; Norwegian University of Science and Technology; University of Oslo; BI Norwegian Business School; University of Bath; Katholieke Universiteit Leuven (KU Leuven, University of Leuven); Cranfield School of Management; Aarhus Universitet",0.452022658682651,4,false,false,false,2.22133917,false,true,true,true,false,false,false,false,false,false,Netherlands,Business Products and Services (B2B),0.0,0,0,4,Male,221.5,-0.0848051435917848,false,13,true,false,3,3.7,1993.22222222222,0,0,0.0
18,9,2012,Early,Later,2,2,0.0,0.0,false,false,false,false,false,false,false,false,"London Business School; Norwegian University of Science and Technology; University of Bergen; NA; Norwegian University of Science and Technology; University of Oslo; BI Norwegian Business School; University of Bath; Katholieke Universiteit Leuven (KU Leuven, University of Leuven); Cranfield School of Management; Aarhus Universitet",0.523304132174597,4,false,false,false,2.22133917,false,true,true,true,false,false,false,false,false,false,Netherlands,Business Products and Services (B2B),0.0,0,0,4,Male,221.5,-0.0848051435917848,false,12,true,false,3,3.77777777777778,1992.125,0,0,0.0
18,10,2012,Early,Later,1,3,24.0,0.0,false,false,false,false,false,false,false,false,"London Business School; Norwegian University of Science and Technology; University of Bergen; NA; BI Norwegian Business School; University of Bath; Katholieke Universiteit Leuven (KU Leuven, University of Leuven); Cranfield School of Management; Aarhus Universitet",0.637581622678567,4,false,false,false,7.53089278,false,true,true,true,false,false,false,false,false,false,Netherlands,Business Products and Services (B2B),0.0,0,0,4,Male,148.666666666667,-0.0848051435917848,false,10,true,false,3,4.0,1991.5,0,0,0.0
18,11,2012,Later,Out,2,3,0.0,9.09090909090909,false,false,false,false,false,false,false,false,"London Business School; Norwegian University of Science and Technology; University of Bergen; NA; BI Norwegian Business School; University of Bath; Katholieke Universiteit Leuven (KU Leuven, University of Leuven); Cranfield School of Management; Aarhus Universitet",0.542951018505906,4,false,false,false,7.53089278,false,true,true,true,false,false,false,false,false,false,Netherlands,Business Products and Services (B2B),0.0,0,0,4,Male,148.666666666667,-0.0848051435917848,false,11,true,false,3,4.0,1991.5,0,0,0.0
18,12,2012,Later,Out,1,3,0.0,7.69230769230769,false,false,false,false,false,false,false,false,"London Business School; Norwegian University of Science and Technology; University of Bergen; NA; BI Norwegian Business School; University of Bath; Katholieke Universiteit Leuven (KU Leuven, University of Leuven); Cranfield School of Management; Aarhus Universitet",0.42531897407148,4,false,false,false,7.53089278,false,true,true,true,false,false,false,false,false,false,Netherlands,Business Products and Services (B2B),0.0,0,0,,Male,148.666666666667,-0.403355023220701,false,13,true,false,3,4.0,1991.5,0,0,0.0
